"113_batch1.hdf5, XP04, channel_1"
Bout Number,Bout Start [idx],Bout End [idx],Bout Start [s],Bout End [s]
1.0,232.0,254.0,233.00399780273437,254.9960021972656
2.0,261.0,273.0,261.99700927734375,273.99798583984375
3.0,281.0,295.0,282.00500488281256,295.99600219726562
4.0,301.0,314.0,302.00601196289057,314.99700927734381
5.0,328.0,343.0,329.00299072265625,344.01800537109375
6.0,1244.0,1263.0,1245.012939453125,1264.0140380859373
7.0,1287.0,1305.0,1288.011962890625,1306.012939453125
8.0,1319.0,1334.0,1320.0119628906252,1335.0129394531252
