"121_batch2.hdf5, XP04, channel_3"
Bout Number,Bout Start [idx],Bout End [idx],Bout Start [s],Bout End [s]
1.0,631.0,660.0,632.010009765625,661.01202392578125
2.0,663.0,670.0,664.01000976562489,671.01202392578125
3.0,675.0,683.0,676.0159912109375,684.01501464843739
4.0,699.0,711.0,700.010986328125,712.01000976562511
5.0,717.0,731.0,718.01202392578136,732.00897216796875
6.0,904.0,918.0,905.01898193359375,919.01300048828125
7.0,959.0,972.0,960.010009765625,973.00799560546852
8.0,998.0,1019.0,999.00799560546852,1020.0280151367187
9.0,1041.0,1056.0,1042.030029296875,1057.0250244140625
10.0,1567.0,1584.0,1568.071044921875,1585.0710449218745
11.0,1640.0,1658.0,1641.0909423828125,1659.093017578125
