"122_batch3.hdf5, XP05, channel_2"
Bout Number,Bout Start [idx],Bout End [idx],Bout Start [s],Bout End [s]
1.0,281.0,302.0,282.01300048828131,303.01901245117193
2.0,345.0,366.0,346.03100585937506,367.0419921875
3.0,396.0,423.0,397.05300903320312,424.052001953125
4.0,437.0,455.0,438.04598999023443,456.04901123046875
5.0,527.0,547.0,528.04498291015625,548.0460205078125
6.0,562.0,583.0,563.04498291015636,584.04498291015625
7.0,603.0,616.0,604.04498291015614,617.04498291015614
8.0,767.0,803.0,768.0460205078125,804.0789794921875
9.0,1142.0,1160.0,1143.1259765625,1161.1240234375
