"55_batch1.hdf5, XP05, channel_5"
Bout Number,Bout Start [idx],Bout End [idx],Bout Start [s],Bout End [s]
1.0,161.0,184.0,162.00700378417974,185.00100708007815
2.0,192.0,225.0,193.01199340820307,226.00500488281253
3.0,845.0,876.0,846.09497070312489,877.094970703125
4.0,918.0,935.0,919.093994140625,936.114990234375
5.0,1277.0,1292.0,1278.1750488281252,1293.1710205078125
6.0,1449.0,1470.0,1450.22705078125,1471.2199707031252
7.0,1567.0,1590.0,1568.2180175781252,1591.2199707031245
8.0,1868.0,1888.0,1869.2850341796877,1889.2810058593745
9.0,1917.0,1947.0,1918.2969970703123,1948.300048828125
