"72_batch1.hdf5, XP05, channel_2"
Bout Number,Bout Start [idx],Bout End [idx],Bout Start [s],Bout End [s]
1.0,295.0,350.0,295.99200439453125,350.9949951171875
2.0,414.0,440.0,414.99200439453125,441.0369873046875
3.0,628.0,645.0,629.03997802734375,646.04797363281261
4.0,660.0,681.0,661.051025390625,682.05102539062511
5.0,720.0,742.0,721.04302978515625,743.03900146484375
6.0,958.0,984.0,959.0570068359375,985.05499267578102
7.0,1564.0,1587.0,1565.088012695313,1588.0880126953125
8.0,1882.0,1902.0,1883.1030273437495,1903.118041992187
