"83_batch3.hdf5, XP05, channel_5"
Bout Number,Bout Start [idx],Bout End [idx],Bout Start [s],Bout End [s]
1.0,504.0,530.0,505.09500122070307,531.094970703125
2.0,551.0,563.0,552.1090087890625,564.114013671875
3.0,607.0,624.0,608.11499023437489,625.12500000000011
4.0,704.0,724.0,705.14501953125,725.14501953125011
5.0,766.0,780.0,767.14398193359375,781.14099121093727
6.0,901.0,917.0,902.156005859375,918.15802001953136
7.0,1111.0,1129.0,1112.1560058593755,1130.1610107421877
8.0,1405.0,1454.0,1406.1870117187498,1455.2099609375002
9.0,1501.0,1525.0,1502.2149658203125,1526.2060546874998
10.0,1814.0,1838.0,1815.2850341796875,1839.2810058593752
11.0,1853.0,1871.0,1854.2810058593745,1872.2810058593748
