"93_batch3.hdf5, XP05, channel_3"
Bout Number,Bout Start [idx],Bout End [idx],Bout Start [s],Bout End [s]
1.0,16.0,60.0,16.990999221801761,60.992000579833999
2.0,194.0,217.0,194.99299621582031,218.00300598144531
3.0,317.0,344.0,318.00799560546881,345.00698852539057
4.0,446.0,467.0,447.01300048828131,468.00799560546869
5.0,1046.0,1071.0,1047.0439453125,1072.04296875
6.0,1094.0,1123.0,1095.0389404296875,1124.0389404296875
7.0,1364.0,1401.0,1365.0570068359375,1402.0560302734377
8.0,1714.0,1729.0,1715.0539550781248,1730.0770263671873
9.0,1969.0,1987.0,1970.0870361328123,1988.0860595703127
