"03_batch3.hdf5, XP04, channel_1"
Bout Number,Bout Start [idx],Bout End [idx],Bout Start [s],Bout End [s]
1.0,54.0,82.0,54.9980010986,82.9980010986
2.0,338.0,352.0,338.99899292,353.0
3.0,384.0,393.0,384.99798584,394.0
4.0,519.0,531.0,520.031005859,532.028991699
5.0,636.0,659.0,637.052978516,660.052001953
6.0,716.0,736.0,717.04699707,737.04699707
7.0,841.0,850.0,842.059997559,851.060974121
8.0,877.0,889.0,878.062988281,890.062988281
9.0,918.0,932.0,919.060974121,933.062011719
10.0,1220.0,1232.0,1221.06201172,1233.06103516
11.0,1433.0,1443.0,1434.06994629,1444.06201172
12.0,1547.0,1559.0,1548.06103516,1560.06103516
13.0,1667.0,1677.0,1668.06201172,1678.06298828
14.0,1701.0,1714.0,1702.06103516,1715.06103516
15.0,1840.0,1853.0,1841.08203125,1854.0760498
16.0,1894.0,1900.0,1895.09301758,1901.09204102
17.0,1949.0,1955.0,1950.09204102,1956.09301758
