"122_batch3.hdf5, XP05, channel_2"
Bout Number,Bout Start [idx],Bout End [idx],Bout Start [s],Bout End [s]
1.0,282.0,299.0,283.018005371,300.013000488
2.0,349.0,363.0,350.032989502,364.029998779
3.0,402.0,417.0,403.052001953,418.049987793
4.0,442.0,451.0,443.045013428,452.058013916
5.0,530.0,544.0,531.057983398,545.046020508
6.0,568.0,578.0,569.04498291,579.057983398
7.0,606.0,615.0,607.04901123,616.047973633
8.0,774.0,802.0,775.052001953,803.08001709
9.0,1146.0,1154.0,1147.12597656,1155.13000488
