"21_batch2.hdf5, XP04, channel_4"
Bout Number,Bout Start [idx],Bout End [idx],Bout Start [s],Bout End [s]
1.0,501.0,514.0,502.00100708,515.012023926
2.0,536.0,546.0,537.000976563,547.000976562
3.0,678.0,692.0,679.054016113,693.051025391
4.0,738.0,751.0,739.068969727,752.065002441
5.0,798.0,806.0,799.09197998,807.078979492
6.0,1135.0,1146.0,1136.15905762,1147.16003418
7.0,1279.0,1292.0,1280.1619873,1293.16003418
8.0,1333.0,1346.0,1334.16101074,1347.16796875
9.0,1375.0,1384.0,1376.15795898,1385.1619873
10.0,1709.0,1732.0,1710.19897461,1733.1920166
11.0,1879.0,1902.0,1880.20703125,1903.20495605
12.0,1987.0,1999.0,1988.25805664,2000.25195313
