"33_batch1.hdf5, XP05, channel_3"
Bout Number,Bout Start [idx],Bout End [idx],Bout Start [s],Bout End [s]
1.0,65.0,99.0,66.0400009155,100.027999878
2.0,237.0,251.0,238.029998779,252.041000366
3.0,312.0,321.0,313.031005859,322.029998779
4.0,338.0,348.0,339.041992188,349.028991699
5.0,464.0,484.0,465.044006348,485.04598999
6.0,600.0,618.0,601.046020508,619.047973633
7.0,865.0,880.0,866.07598877,881.07598877
8.0,1029.0,1043.0,1030.09094238,1044.09094238
9.0,1075.0,1093.0,1076.10205078,1094.09899902
10.0,1953.0,1975.0,1954.1529541,1976.17199707
