"83_batch3.hdf5, XP05, channel_5"
Bout Number,Bout Start [idx],Bout End [idx],Bout Start [s],Bout End [s]
1.0,505.0,525.0,506.105987549,526.098022461
2.0,554.0,563.0,555.12097168,564.114013672
3.0,604.0,621.0,605.111022949,622.125976563
4.0,706.0,719.0,707.140991211,720.142028809
5.0,769.0,781.0,770.143005371,782.140991211
6.0,835.0,851.0,836.15802002,852.15802002
7.0,874.0,882.0,875.15802002,883.163024902
8.0,906.0,915.0,907.156005859,916.166015625
9.0,1112.0,1129.0,1113.15698242,1130.16101074
10.0,1418.0,1443.0,1419.20397949,1444.20898438
11.0,1504.0,1521.0,1505.20898437,1522.20898438
12.0,1592.0,1604.0,1593.20800781,1605.20898438
13.0,1680.0,1689.0,1681.22302246,1690.22094727
14.0,1817.0,1830.0,1818.29602051,1831.28100586
15.0,1859.0,1868.0,1860.28100586,1869.28405762
16.0,1961.0,1976.0,1962.28295898,1977.28198242
