"91_batch1.hdf5, XP05, channel_3"
Bout Number,Bout Start [idx],Bout End [idx],Bout Start [s],Bout End [s]
1.0,71.0,111.0,72.0149993896,112.021003723
2.0,578.0,596.0,579.030029297,597.041015625
3.0,715.0,734.0,716.04699707,735.043029785
4.0,756.0,766.0,757.052978516,767.047973633
5.0,821.0,830.0,822.041992188,831.043029785
6.0,867.0,883.0,868.043029785,884.04498291
7.0,1188.0,1196.0,1189.0579834,1197.07104492
8.0,1369.0,1386.0,1370.07495117,1387.07495117
9.0,1412.0,1427.0,1413.08203125,1428.0760498
10.0,1938.0,1956.0,1939.14001465,1957.14294434
