"93_batch3.hdf5, XP05, channel_3"
Bout Number,Bout Start [idx],Bout End [idx],Bout Start [s],Bout End [s]
1.0,19.0,57.0,20.0019989014,57.9980010986
2.0,199.0,212.0,199.992996216,212.994995117
3.0,325.0,338.0,326.006988525,339.007995605
4.0,451.0,467.0,452.006011963,468.007995605
5.0,1049.0,1067.0,1050.03894043,1068.0489502
6.0,1099.0,1114.0,1100.04101563,1115.04296875
7.0,1371.0,1386.0,1372.0579834,1387.05505371
8.0,1714.0,1730.0,1715.05395508,1731.06896973
9.0,1972.0,1996.0,1973.08398438,1997.09204102
