"93_batch3.hdf5, XP04, channel_4"
Bout Number,Bout Start [idx],Bout End [idx],Bout Start [s],Bout End [s]
1.0,613.0,628.0,614.013000488,629.010986328
2.0,731.0,751.0,732.007019043,752.007995605
3.0,777.0,819.0,778.021972656,820.025024414
4.0,856.0,874.0,857.021972656,875.021972656
5.0,894.0,908.0,895.026977539,909.023986816
6.0,955.0,980.0,956.026000977,981.039001465
7.0,1251.0,1261.0,1252.0369873,1262.03796387
8.0,1881.0,1891.0,1882.08398438,1892.08703613
9.0,1963.0,1975.0,1964.09094238,1976.08496094
